-- phpMyAdmin SQL Dump
-- version 5.2.0
-- https://www.phpmyadmin.net/
--
-- Host: 127.0.0.1:3306
-- Czas generowania: 17 Cze 2023, 17:16
-- Wersja serwera: 8.0.31
-- Wersja PHP: 8.0.26

SET SQL_MODE = "NO_AUTO_VALUE_ON_ZERO";
START TRANSACTION;
SET time_zone = "+00:00";


/*!40101 SET @OLD_CHARACTER_SET_CLIENT=@@CHARACTER_SET_CLIENT */;
/*!40101 SET @OLD_CHARACTER_SET_RESULTS=@@CHARACTER_SET_RESULTS */;
/*!40101 SET @OLD_COLLATION_CONNECTION=@@COLLATION_CONNECTION */;
/*!40101 SET NAMES utf8mb4 */;

--
-- Baza danych: `dziennik`
--

-- --------------------------------------------------------

--
-- Struktura tabeli dla tabeli `nauczyciel`
--

DROP TABLE IF EXISTS `nauczyciel`;
CREATE TABLE IF NOT EXISTS `nauczyciel` (
  `id_nauczyciela` int NOT NULL,
  `imie` varchar(20) COLLATE utf8mb4_general_ci NOT NULL,
  `nazwisko` varchar(40) COLLATE utf8mb4_general_ci NOT NULL,
  `email` varchar(40) COLLATE utf8mb4_general_ci DEFAULT NULL,
  `nazwa_uzytkownika` varchar(20) CHARACTER SET utf8mb4 COLLATE utf8mb4_general_ci NOT NULL,
  `haslo` varchar(40) COLLATE utf8mb4_general_ci NOT NULL,
  `zalogowany` tinyint(1) NOT NULL DEFAULT '0',
  PRIMARY KEY (`id_nauczyciela`)
) ENGINE=MyISAM DEFAULT CHARSET=utf8mb4 COLLATE=utf8mb4_general_ci;

--
-- Zrzut danych tabeli `nauczyciel`
--

INSERT INTO `nauczyciel` (`id_nauczyciela`, `imie`, `nazwisko`, `email`, `nazwa_uzytkownika`, `haslo`, `zalogowany`) VALUES
(0, 'Marcin', 'Bąk', 'm.bak@szkola.pl', 'mbak', 'mbak', 0),
(1, 'Dmytro', 'Domański', 'd.domanski@szkola.pl', 'ddomanski', 'ddomanski', 1),
(2, 'Weronika', 'Dobrowolska', NULL, 'wdobrowolska', 'wdobrowolska', 0);

-- --------------------------------------------------------

--
-- Struktura tabeli dla tabeli `ocena`
--

DROP TABLE IF EXISTS `ocena`;
CREATE TABLE IF NOT EXISTS `ocena` (
  `id_oceny` int NOT NULL AUTO_INCREMENT,
  `id_ucznia` int NOT NULL,
  `ocena` float NOT NULL,
  `opis` varchar(1000) CHARACTER SET utf8mb4 COLLATE utf8mb4_general_ci NOT NULL,
  `id_przedmiotu` int NOT NULL,
  `id_nauczyciela` int NOT NULL,
  `data_otrzymania` date NOT NULL,
  `uczen_id_ucznia` int NOT NULL,
  `przedmiot_id_przedmiotu` int NOT NULL,
  `nauczyciel_id_nauczyciela` int NOT NULL,
  PRIMARY KEY (`id_oceny`),
  KEY `ocena_nauczyciel_fk` (`nauczyciel_id_nauczyciela`),
  KEY `ocena_przedmiot_fk` (`przedmiot_id_przedmiotu`),
  KEY `ocena_uczen_fk` (`uczen_id_ucznia`)
) ENGINE=MyISAM AUTO_INCREMENT=397 DEFAULT CHARSET=utf8mb4 COLLATE=utf8mb4_general_ci;

--
-- Zrzut danych tabeli `ocena`
--

INSERT INTO `ocena` (`id_oceny`, `id_ucznia`, `ocena`, `opis`, `id_przedmiotu`, `id_nauczyciela`, `data_otrzymania`, `uczen_id_ucznia`, `przedmiot_id_przedmiotu`, `nauczyciel_id_nauczyciela`) VALUES
(1, 0, 5, 'Ocena z przedmiotu Matematyka', 0, 0, '2023-06-11', 0, 0, 0),
(2, 0, 1, 'Ocena z przedmiotu Matematyka', 0, 1, '2023-06-11', 0, 0, 1),
(3, 0, 2, 'Ocena z przedmiotu Matematyka', 0, 2, '2023-06-11', 0, 0, 2),
(4, 0, 4, 'Ocena z przedmiotu Język polski', 1, 0, '2023-06-11', 0, 1, 0),
(5, 0, 4, 'Ocena z przedmiotu Język polski', 1, 1, '2023-06-11', 0, 1, 1),
(6, 0, 3, 'Ocena z przedmiotu Język polski', 1, 2, '2023-06-11', 0, 1, 2),
(7, 0, 1, 'Ocena z przedmiotu Język angielski', 2, 0, '2023-06-11', 0, 2, 0),
(8, 0, 4, 'Ocena z przedmiotu Język angielski', 2, 1, '2023-06-11', 0, 2, 1),
(9, 0, 3, 'Ocena z przedmiotu Język angielski', 2, 2, '2023-06-11', 0, 2, 2),
(10, 0, 1, 'Ocena z przedmiotu Informatyka', 3, 0, '2023-06-11', 0, 3, 0),
(11, 0, 3, 'Ocena z przedmiotu Informatyka', 3, 1, '2023-06-11', 0, 3, 1),
(12, 0, 1, 'Ocena z przedmiotu Informatyka', 3, 2, '2023-06-11', 0, 3, 2),
(13, 0, 2, 'Ocena z przedmiotu Historia', 4, 0, '2023-06-11', 0, 4, 0),
(14, 0, 3, 'Ocena z przedmiotu Historia', 4, 1, '2023-06-11', 0, 4, 1),
(15, 0, 2, 'Ocena z przedmiotu Historia', 4, 2, '2023-06-11', 0, 4, 2),
(16, 0, 4, 'Ocena z przedmiotu Geografia', 5, 0, '2023-06-11', 0, 5, 0),
(17, 0, 1, 'Ocena z przedmiotu Geografia', 5, 1, '2023-06-11', 0, 5, 1),
(18, 0, 3, 'Ocena z przedmiotu Geografia', 5, 2, '2023-06-11', 0, 5, 2),
(19, 0, 4, 'Ocena z przedmiotu Wychowanie fizyczne', 6, 0, '2023-06-11', 0, 6, 0),
(20, 0, 3, 'Ocena z przedmiotu Wychowanie fizyczne', 6, 1, '2023-06-11', 0, 6, 1),
(21, 0, 5, 'Ocena z przedmiotu Wychowanie fizyczne', 6, 2, '2023-06-11', 0, 6, 2),
(22, 0, 3, 'Ocena z przedmiotu Religia', 7, 0, '2023-06-11', 0, 7, 0),
(23, 0, 5, 'Ocena z przedmiotu Religia', 7, 1, '2023-06-11', 0, 7, 1),
(24, 0, 2, 'Ocena z przedmiotu Religia', 7, 2, '2023-06-11', 0, 7, 2),
(25, 0, 2, 'Ocena z przedmiotu Język niemiecki', 8, 0, '2023-06-11', 0, 8, 0),
(26, 0, 3, 'Ocena z przedmiotu Język niemiecki', 8, 1, '2023-06-11', 0, 8, 1),
(27, 0, 1, 'Ocena z przedmiotu Język niemiecki', 8, 2, '2023-06-11', 0, 8, 2),
(28, 0, 5, 'Ocena z przedmiotu Biologia', 9, 0, '2023-06-11', 0, 9, 0),
(29, 0, 5, 'Ocena z przedmiotu Biologia', 9, 1, '2023-06-11', 0, 9, 1),
(30, 0, 2, 'Ocena z przedmiotu Biologia', 9, 2, '2023-06-11', 0, 9, 2),
(31, 0, 1, 'Ocena z przedmiotu Chemia', 10, 0, '2023-06-11', 0, 10, 0),
(32, 0, 3, 'Ocena z przedmiotu Chemia', 10, 1, '2023-06-11', 0, 10, 1),
(33, 0, 1, 'Ocena z przedmiotu Chemia', 10, 2, '2023-06-11', 0, 10, 2),
(34, 0, 1, 'Ocena z przedmiotu Fizyka', 11, 0, '2023-06-11', 0, 11, 0),
(35, 0, 5, 'Ocena z przedmiotu Fizyka', 11, 1, '2023-06-11', 0, 11, 1),
(36, 0, 5, 'Ocena z przedmiotu Fizyka', 11, 2, '2023-06-11', 0, 11, 2),
(37, 1, 3, 'Ocena z przedmiotu Matematyka', 0, 0, '2023-06-11', 1, 0, 0),
(38, 1, 2, 'Ocena z przedmiotu Matematyka', 0, 1, '2023-06-11', 1, 0, 1),
(39, 1, 4, 'Ocena z przedmiotu Matematyka', 0, 2, '2023-06-11', 1, 0, 2),
(40, 1, 4, 'Ocena z przedmiotu Język polski', 1, 0, '2023-06-11', 1, 1, 0),
(41, 1, 1, 'Ocena z przedmiotu Język polski', 1, 1, '2023-06-11', 1, 1, 1),
(42, 1, 5, 'Ocena z przedmiotu Język polski', 1, 2, '2023-06-11', 1, 1, 2),
(43, 1, 3, 'Ocena z przedmiotu Język angielski', 2, 0, '2023-06-11', 1, 2, 0),
(44, 1, 2, 'Ocena z przedmiotu Język angielski', 2, 1, '2023-06-11', 1, 2, 1),
(45, 1, 2, 'Ocena z przedmiotu Język angielski', 2, 2, '2023-06-11', 1, 2, 2),
(46, 1, 1, 'Ocena z przedmiotu Informatyka', 3, 0, '2023-06-11', 1, 3, 0),
(47, 1, 2, 'Ocena z przedmiotu Informatyka', 3, 1, '2023-06-11', 1, 3, 1),
(48, 1, 3, 'Ocena z przedmiotu Informatyka', 3, 2, '2023-06-11', 1, 3, 2),
(49, 1, 1, 'Ocena z przedmiotu Historia', 4, 0, '2023-06-11', 1, 4, 0),
(50, 1, 5, 'Ocena z przedmiotu Historia', 4, 1, '2023-06-11', 1, 4, 1),
(51, 1, 1, 'Ocena z przedmiotu Historia', 4, 2, '2023-06-11', 1, 4, 2),
(52, 1, 2, 'Ocena z przedmiotu Geografia', 5, 0, '2023-06-11', 1, 5, 0),
(53, 1, 1, 'Ocena z przedmiotu Geografia', 5, 1, '2023-06-11', 1, 5, 1),
(54, 1, 2, 'Ocena z przedmiotu Geografia', 5, 2, '2023-06-11', 1, 5, 2),
(55, 1, 5, 'Ocena z przedmiotu Wychowanie fizyczne', 6, 0, '2023-06-11', 1, 6, 0),
(56, 1, 5, 'Ocena z przedmiotu Wychowanie fizyczne', 6, 1, '2023-06-11', 1, 6, 1),
(57, 1, 3, 'Ocena z przedmiotu Wychowanie fizyczne', 6, 2, '2023-06-11', 1, 6, 2),
(58, 1, 2, 'Ocena z przedmiotu Religia', 7, 0, '2023-06-11', 1, 7, 0),
(59, 1, 2, 'Ocena z przedmiotu Religia', 7, 1, '2023-06-11', 1, 7, 1),
(60, 1, 3, 'Ocena z przedmiotu Religia', 7, 2, '2023-06-11', 1, 7, 2),
(61, 1, 5, 'Ocena z przedmiotu Język niemiecki', 8, 0, '2023-06-11', 1, 8, 0),
(62, 1, 1, 'Ocena z przedmiotu Język niemiecki', 8, 1, '2023-06-11', 1, 8, 1),
(63, 1, 3, 'Ocena z przedmiotu Język niemiecki', 8, 2, '2023-06-11', 1, 8, 2),
(64, 1, 4, 'Ocena z przedmiotu Biologia', 9, 0, '2023-06-11', 1, 9, 0),
(65, 1, 4, 'Ocena z przedmiotu Biologia', 9, 1, '2023-06-11', 1, 9, 1),
(66, 1, 2, 'Ocena z przedmiotu Biologia', 9, 2, '2023-06-11', 1, 9, 2),
(67, 1, 1, 'Ocena z przedmiotu Chemia', 10, 0, '2023-06-11', 1, 10, 0),
(68, 1, 5, 'Ocena z przedmiotu Chemia', 10, 1, '2023-06-11', 1, 10, 1),
(69, 1, 3, 'Ocena z przedmiotu Chemia', 10, 2, '2023-06-11', 1, 10, 2),
(70, 1, 5, 'Ocena z przedmiotu Fizyka', 11, 0, '2023-06-11', 1, 11, 0),
(71, 1, 1, 'Ocena z przedmiotu Fizyka', 11, 1, '2023-06-11', 1, 11, 1),
(72, 1, 5, 'Ocena z przedmiotu Fizyka', 11, 2, '2023-06-11', 1, 11, 2),
(73, 2, 2, 'Ocena z przedmiotu Matematyka', 0, 0, '2023-06-11', 2, 0, 0),
(74, 2, 2, 'Ocena z przedmiotu Matematyka', 0, 1, '2023-06-11', 2, 0, 1),
(75, 2, 4, 'Ocena z przedmiotu Matematyka', 0, 2, '2023-06-11', 2, 0, 2),
(76, 2, 5, 'Ocena z przedmiotu Język polski', 1, 0, '2023-06-11', 2, 1, 0),
(77, 2, 4, 'Ocena z przedmiotu Język polski', 1, 1, '2023-06-11', 2, 1, 1),
(78, 2, 4, 'Ocena z przedmiotu Język polski', 1, 2, '2023-06-11', 2, 1, 2),
(79, 2, 1, 'Ocena z przedmiotu Język angielski', 2, 0, '2023-06-11', 2, 2, 0),
(80, 2, 5, 'Ocena z przedmiotu Język angielski', 2, 1, '2023-06-11', 2, 2, 1),
(81, 2, 4, 'Ocena z przedmiotu Język angielski', 2, 2, '2023-06-11', 2, 2, 2),
(82, 2, 2, 'Ocena z przedmiotu Informatyka', 3, 0, '2023-06-11', 2, 3, 0),
(83, 2, 3, 'Ocena z przedmiotu Informatyka', 3, 1, '2023-06-11', 2, 3, 1),
(84, 2, 4, 'Ocena z przedmiotu Informatyka', 3, 2, '2023-06-11', 2, 3, 2),
(85, 2, 3, 'Ocena z przedmiotu Historia', 4, 0, '2023-06-11', 2, 4, 0),
(86, 2, 3, 'Ocena z przedmiotu Historia', 4, 1, '2023-06-11', 2, 4, 1),
(87, 2, 1, 'Ocena z przedmiotu Historia', 4, 2, '2023-06-11', 2, 4, 2),
(88, 2, 1, 'Ocena z przedmiotu Geografia', 5, 0, '2023-06-11', 2, 5, 0),
(89, 2, 3, 'Ocena z przedmiotu Geografia', 5, 1, '2023-06-11', 2, 5, 1),
(90, 2, 5, 'Ocena z przedmiotu Geografia', 5, 2, '2023-06-11', 2, 5, 2),
(91, 2, 4, 'Ocena z przedmiotu Wychowanie fizyczne', 6, 0, '2023-06-11', 2, 6, 0),
(92, 2, 2, 'Ocena z przedmiotu Wychowanie fizyczne', 6, 1, '2023-06-11', 2, 6, 1),
(93, 2, 4, 'Ocena z przedmiotu Wychowanie fizyczne', 6, 2, '2023-06-11', 2, 6, 2),
(94, 2, 5, 'Ocena z przedmiotu Religia', 7, 0, '2023-06-11', 2, 7, 0),
(95, 2, 5, 'Ocena z przedmiotu Religia', 7, 1, '2023-06-11', 2, 7, 1),
(96, 2, 1, 'Ocena z przedmiotu Religia', 7, 2, '2023-06-11', 2, 7, 2),
(97, 2, 2, 'Ocena z przedmiotu Język niemiecki', 8, 0, '2023-06-11', 2, 8, 0),
(98, 2, 4, 'Ocena z przedmiotu Język niemiecki', 8, 1, '2023-06-11', 2, 8, 1),
(99, 2, 1, 'Ocena z przedmiotu Język niemiecki', 8, 2, '2023-06-11', 2, 8, 2),
(100, 2, 3, 'Ocena z przedmiotu Biologia', 9, 0, '2023-06-11', 2, 9, 0),
(101, 2, 4, 'Ocena z przedmiotu Biologia', 9, 1, '2023-06-11', 2, 9, 1),
(102, 2, 5, 'Ocena z przedmiotu Biologia', 9, 2, '2023-06-11', 2, 9, 2),
(103, 2, 2, 'Ocena z przedmiotu Chemia', 10, 0, '2023-06-11', 2, 10, 0),
(104, 2, 4, 'Ocena z przedmiotu Chemia', 10, 1, '2023-06-11', 2, 10, 1),
(105, 2, 3, 'Ocena z przedmiotu Chemia', 10, 2, '2023-06-11', 2, 10, 2),
(106, 2, 1, 'Ocena z przedmiotu Fizyka', 11, 0, '2023-06-11', 2, 11, 0),
(107, 2, 2, 'Ocena z przedmiotu Fizyka', 11, 1, '2023-06-11', 2, 11, 1),
(108, 2, 5, 'Ocena z przedmiotu Fizyka', 11, 2, '2023-06-11', 2, 11, 2),
(109, 3, 2, 'Ocena z przedmiotu Matematyka', 0, 0, '2023-06-11', 3, 0, 0),
(110, 3, 1, 'Ocena z przedmiotu Matematyka', 0, 1, '2023-06-11', 3, 0, 1),
(111, 3, 3, 'Ocena z przedmiotu Matematyka', 0, 2, '2023-06-11', 3, 0, 2),
(112, 3, 2, 'Ocena z przedmiotu Język polski', 1, 0, '2023-06-11', 3, 1, 0),
(113, 3, 5, 'Ocena z przedmiotu Język polski', 1, 1, '2023-06-11', 3, 1, 1),
(114, 3, 5, 'Ocena z przedmiotu Język polski', 1, 2, '2023-06-11', 3, 1, 2),
(115, 3, 5, 'Ocena z przedmiotu Język angielski', 2, 0, '2023-06-11', 3, 2, 0),
(116, 3, 2, 'Ocena z przedmiotu Język angielski', 2, 1, '2023-06-11', 3, 2, 1),
(117, 3, 5, 'Ocena z przedmiotu Język angielski', 2, 2, '2023-06-11', 3, 2, 2),
(118, 3, 4, 'Ocena z przedmiotu Informatyka', 3, 0, '2023-06-11', 3, 3, 0),
(119, 3, 3, 'Ocena z przedmiotu Informatyka', 3, 1, '2023-06-11', 3, 3, 1),
(120, 3, 4, 'Ocena z przedmiotu Informatyka', 3, 2, '2023-06-11', 3, 3, 2),
(121, 3, 5, 'Ocena z przedmiotu Historia', 4, 0, '2023-06-11', 3, 4, 0),
(122, 3, 5, 'Ocena z przedmiotu Historia', 4, 1, '2023-06-11', 3, 4, 1),
(123, 3, 1, 'Ocena z przedmiotu Historia', 4, 2, '2023-06-11', 3, 4, 2),
(124, 3, 2, 'Ocena z przedmiotu Geografia', 5, 0, '2023-06-11', 3, 5, 0),
(125, 3, 5, 'Ocena z przedmiotu Geografia', 5, 1, '2023-06-11', 3, 5, 1),
(126, 3, 1, 'Ocena z przedmiotu Geografia', 5, 2, '2023-06-11', 3, 5, 2),
(127, 3, 3, 'Ocena z przedmiotu Wychowanie fizyczne', 6, 0, '2023-06-11', 3, 6, 0),
(128, 3, 2, 'Ocena z przedmiotu Wychowanie fizyczne', 6, 1, '2023-06-11', 3, 6, 1),
(129, 3, 5, 'Ocena z przedmiotu Wychowanie fizyczne', 6, 2, '2023-06-11', 3, 6, 2),
(130, 3, 1, 'Ocena z przedmiotu Religia', 7, 0, '2023-06-11', 3, 7, 0),
(131, 3, 2, 'Ocena z przedmiotu Religia', 7, 1, '2023-06-11', 3, 7, 1),
(132, 3, 5, 'Ocena z przedmiotu Religia', 7, 2, '2023-06-11', 3, 7, 2),
(133, 3, 3, 'Ocena z przedmiotu Język niemiecki', 8, 0, '2023-06-11', 3, 8, 0),
(134, 3, 4, 'Ocena z przedmiotu Język niemiecki', 8, 1, '2023-06-11', 3, 8, 1),
(135, 3, 4, 'Ocena z przedmiotu Język niemiecki', 8, 2, '2023-06-11', 3, 8, 2),
(136, 3, 1, 'Ocena z przedmiotu Biologia', 9, 0, '2023-06-11', 3, 9, 0),
(137, 3, 4, 'Ocena z przedmiotu Biologia', 9, 1, '2023-06-11', 3, 9, 1),
(138, 3, 5, 'Ocena z przedmiotu Biologia', 9, 2, '2023-06-11', 3, 9, 2),
(139, 3, 3, 'Ocena z przedmiotu Chemia', 10, 0, '2023-06-11', 3, 10, 0),
(140, 3, 2, 'Ocena z przedmiotu Chemia', 10, 1, '2023-06-11', 3, 10, 1),
(141, 3, 1, 'Ocena z przedmiotu Chemia', 10, 2, '2023-06-11', 3, 10, 2),
(142, 3, 5, 'Ocena z przedmiotu Fizyka', 11, 0, '2023-06-11', 3, 11, 0),
(143, 3, 3, 'Ocena z przedmiotu Fizyka', 11, 1, '2023-06-11', 3, 11, 1),
(144, 3, 4, 'Ocena z przedmiotu Fizyka', 11, 2, '2023-06-11', 3, 11, 2),
(145, 4, 2, 'Ocena z przedmiotu Matematyka', 0, 0, '2023-06-11', 4, 0, 0),
(146, 4, 2, 'Ocena z przedmiotu Matematyka', 0, 1, '2023-06-11', 4, 0, 1),
(147, 4, 1, 'Ocena z przedmiotu Matematyka', 0, 2, '2023-06-11', 4, 0, 2),
(148, 4, 4, 'Ocena z przedmiotu Język polski', 1, 0, '2023-06-11', 4, 1, 0),
(149, 4, 5, 'Ocena z przedmiotu Język polski', 1, 1, '2023-06-11', 4, 1, 1),
(150, 4, 2, 'Ocena z przedmiotu Język polski', 1, 2, '2023-06-11', 4, 1, 2),
(151, 4, 4, 'Ocena z przedmiotu Język angielski', 2, 0, '2023-06-11', 4, 2, 0),
(152, 4, 1, 'Ocena z przedmiotu Język angielski', 2, 1, '2023-06-11', 4, 2, 1),
(153, 4, 3, 'Ocena z przedmiotu Język angielski', 2, 2, '2023-06-11', 4, 2, 2),
(154, 4, 1, 'Ocena z przedmiotu Informatyka', 3, 0, '2023-06-11', 4, 3, 0),
(155, 4, 5, 'Ocena z przedmiotu Informatyka', 3, 1, '2023-06-11', 4, 3, 1),
(156, 4, 5, 'Ocena z przedmiotu Informatyka', 3, 2, '2023-06-11', 4, 3, 2),
(157, 4, 3, 'Ocena z przedmiotu Historia', 4, 0, '2023-06-11', 4, 4, 0),
(158, 4, 1, 'Ocena z przedmiotu Historia', 4, 1, '2023-06-11', 4, 4, 1),
(159, 4, 1, 'Ocena z przedmiotu Historia', 4, 2, '2023-06-11', 4, 4, 2),
(160, 4, 4, 'Ocena z przedmiotu Geografia', 5, 0, '2023-06-11', 4, 5, 0),
(161, 4, 2, 'Ocena z przedmiotu Geografia', 5, 1, '2023-06-11', 4, 5, 1),
(162, 4, 1, 'Ocena z przedmiotu Geografia', 5, 2, '2023-06-11', 4, 5, 2),
(163, 4, 2, 'Ocena z przedmiotu Wychowanie fizyczne', 6, 0, '2023-06-11', 4, 6, 0),
(164, 4, 5, 'Ocena z przedmiotu Wychowanie fizyczne', 6, 1, '2023-06-11', 4, 6, 1),
(165, 4, 4, 'Ocena z przedmiotu Wychowanie fizyczne', 6, 2, '2023-06-11', 4, 6, 2),
(166, 4, 4, 'Ocena z przedmiotu Religia', 7, 0, '2023-06-11', 4, 7, 0),
(167, 4, 4, 'Ocena z przedmiotu Religia', 7, 1, '2023-06-11', 4, 7, 1),
(168, 4, 3, 'Ocena z przedmiotu Religia', 7, 2, '2023-06-11', 4, 7, 2),
(169, 4, 3, 'Ocena z przedmiotu Język niemiecki', 8, 0, '2023-06-11', 4, 8, 0),
(170, 4, 4, 'Ocena z przedmiotu Język niemiecki', 8, 1, '2023-06-11', 4, 8, 1),
(171, 4, 2, 'Ocena z przedmiotu Język niemiecki', 8, 2, '2023-06-11', 4, 8, 2),
(172, 4, 3, 'Ocena z przedmiotu Biologia', 9, 0, '2023-06-11', 4, 9, 0),
(173, 4, 1, 'Ocena z przedmiotu Biologia', 9, 1, '2023-06-11', 4, 9, 1),
(174, 4, 4, 'Ocena z przedmiotu Biologia', 9, 2, '2023-06-11', 4, 9, 2),
(175, 4, 3, 'Ocena z przedmiotu Chemia', 10, 0, '2023-06-11', 4, 10, 0),
(176, 4, 2, 'Ocena z przedmiotu Chemia', 10, 1, '2023-06-11', 4, 10, 1),
(177, 4, 3, 'Ocena z przedmiotu Chemia', 10, 2, '2023-06-11', 4, 10, 2),
(178, 4, 5, 'Ocena z przedmiotu Fizyka', 11, 0, '2023-06-11', 4, 11, 0),
(179, 4, 5, 'Ocena z przedmiotu Fizyka', 11, 1, '2023-06-11', 4, 11, 1),
(180, 4, 2, 'Ocena z przedmiotu Fizyka', 11, 2, '2023-06-11', 4, 11, 2),
(181, 5, 5, 'Ocena z przedmiotu Matematyka', 0, 0, '2023-06-11', 5, 0, 0),
(182, 5, 5, 'Ocena z przedmiotu Matematyka', 0, 1, '2023-06-11', 5, 0, 1),
(183, 5, 1, 'Ocena z przedmiotu Matematyka', 0, 2, '2023-06-11', 5, 0, 2),
(184, 5, 1, 'Ocena z przedmiotu Język polski', 1, 0, '2023-06-11', 5, 1, 0),
(185, 5, 2, 'Ocena z przedmiotu Język polski', 1, 1, '2023-06-11', 5, 1, 1),
(186, 5, 5, 'Ocena z przedmiotu Język polski', 1, 2, '2023-06-11', 5, 1, 2),
(187, 5, 3, 'Ocena z przedmiotu Język angielski', 2, 0, '2023-06-11', 5, 2, 0),
(188, 5, 2, 'Ocena z przedmiotu Język angielski', 2, 1, '2023-06-11', 5, 2, 1),
(189, 5, 5, 'Ocena z przedmiotu Język angielski', 2, 2, '2023-06-11', 5, 2, 2),
(190, 5, 3, 'Ocena z przedmiotu Informatyka', 3, 0, '2023-06-11', 5, 3, 0),
(191, 5, 1, 'Ocena z przedmiotu Informatyka', 3, 1, '2023-06-11', 5, 3, 1),
(192, 5, 2, 'Ocena z przedmiotu Informatyka', 3, 2, '2023-06-11', 5, 3, 2),
(193, 5, 5, 'Ocena z przedmiotu Historia', 4, 0, '2023-06-11', 5, 4, 0),
(194, 5, 1, 'Ocena z przedmiotu Historia', 4, 1, '2023-06-11', 5, 4, 1),
(195, 5, 1, 'Ocena z przedmiotu Historia', 4, 2, '2023-06-11', 5, 4, 2),
(196, 5, 5, 'Ocena z przedmiotu Geografia', 5, 0, '2023-06-11', 5, 5, 0),
(197, 5, 2, 'Ocena z przedmiotu Geografia', 5, 1, '2023-06-11', 5, 5, 1),
(198, 5, 1, 'Ocena z przedmiotu Geografia', 5, 2, '2023-06-11', 5, 5, 2),
(199, 5, 2, 'Ocena z przedmiotu Wychowanie fizyczne', 6, 0, '2023-06-11', 5, 6, 0),
(200, 5, 3, 'Ocena z przedmiotu Wychowanie fizyczne', 6, 1, '2023-06-11', 5, 6, 1),
(201, 5, 2, 'Ocena z przedmiotu Wychowanie fizyczne', 6, 2, '2023-06-11', 5, 6, 2),
(202, 5, 2, 'Ocena z przedmiotu Religia', 7, 0, '2023-06-11', 5, 7, 0),
(203, 5, 2, 'Ocena z przedmiotu Religia', 7, 1, '2023-06-11', 5, 7, 1),
(204, 5, 5, 'Ocena z przedmiotu Religia', 7, 2, '2023-06-11', 5, 7, 2),
(205, 5, 1, 'Ocena z przedmiotu Język niemiecki', 8, 0, '2023-06-11', 5, 8, 0),
(206, 5, 5, 'Ocena z przedmiotu Język niemiecki', 8, 1, '2023-06-11', 5, 8, 1),
(207, 5, 3, 'Ocena z przedmiotu Język niemiecki', 8, 2, '2023-06-11', 5, 8, 2),
(208, 5, 3, 'Ocena z przedmiotu Biologia', 9, 0, '2023-06-11', 5, 9, 0),
(209, 5, 5, 'Ocena z przedmiotu Biologia', 9, 1, '2023-06-11', 5, 9, 1),
(210, 5, 5, 'Ocena z przedmiotu Biologia', 9, 2, '2023-06-11', 5, 9, 2),
(211, 5, 2, 'Ocena z przedmiotu Chemia', 10, 0, '2023-06-11', 5, 10, 0),
(212, 5, 5, 'Ocena z przedmiotu Chemia', 10, 1, '2023-06-11', 5, 10, 1),
(213, 5, 5, 'Ocena z przedmiotu Chemia', 10, 2, '2023-06-11', 5, 10, 2),
(214, 5, 2, 'Ocena z przedmiotu Fizyka', 11, 0, '2023-06-11', 5, 11, 0),
(215, 5, 1, 'Ocena z przedmiotu Fizyka', 11, 1, '2023-06-11', 5, 11, 1),
(216, 5, 1, 'Ocena z przedmiotu Fizyka', 11, 2, '2023-06-11', 5, 11, 2),
(217, 6, 4, 'Ocena z przedmiotu Matematyka', 0, 0, '2023-06-11', 6, 0, 0),
(218, 6, 2, 'Ocena z przedmiotu Matematyka', 0, 1, '2023-06-11', 6, 0, 1),
(219, 6, 3, 'Ocena z przedmiotu Matematyka', 0, 2, '2023-06-11', 6, 0, 2),
(220, 6, 2, 'Ocena z przedmiotu Język polski', 1, 0, '2023-06-11', 6, 1, 0),
(221, 6, 4, 'Ocena z przedmiotu Język polski', 1, 1, '2023-06-11', 6, 1, 1),
(222, 6, 3, 'Ocena z przedmiotu Język polski', 1, 2, '2023-06-11', 6, 1, 2),
(223, 6, 2, 'Ocena z przedmiotu Język angielski', 2, 0, '2023-06-11', 6, 2, 0),
(224, 6, 4, 'Ocena z przedmiotu Język angielski', 2, 1, '2023-06-11', 6, 2, 1),
(225, 6, 4, 'Ocena z przedmiotu Język angielski', 2, 2, '2023-06-11', 6, 2, 2),
(226, 6, 4, 'Ocena z przedmiotu Informatyka', 3, 0, '2023-06-11', 6, 3, 0),
(227, 6, 1, 'Ocena z przedmiotu Informatyka', 3, 1, '2023-06-11', 6, 3, 1),
(228, 6, 1, 'Ocena z przedmiotu Informatyka', 3, 2, '2023-06-11', 6, 3, 2),
(229, 6, 1, 'Ocena z przedmiotu Historia', 4, 0, '2023-06-11', 6, 4, 0),
(230, 6, 4, 'Ocena z przedmiotu Historia', 4, 1, '2023-06-11', 6, 4, 1),
(231, 6, 5, 'Ocena z przedmiotu Historia', 4, 2, '2023-06-11', 6, 4, 2),
(232, 6, 1, 'Ocena z przedmiotu Geografia', 5, 0, '2023-06-11', 6, 5, 0),
(233, 6, 1, 'Ocena z przedmiotu Geografia', 5, 1, '2023-06-11', 6, 5, 1),
(234, 6, 5, 'Ocena z przedmiotu Geografia', 5, 2, '2023-06-11', 6, 5, 2),
(235, 6, 2, 'Ocena z przedmiotu Wychowanie fizyczne', 6, 0, '2023-06-11', 6, 6, 0),
(236, 6, 4, 'Ocena z przedmiotu Wychowanie fizyczne', 6, 1, '2023-06-11', 6, 6, 1),
(237, 6, 5, 'Ocena z przedmiotu Wychowanie fizyczne', 6, 2, '2023-06-11', 6, 6, 2),
(238, 6, 4, 'Ocena z przedmiotu Religia', 7, 0, '2023-06-11', 6, 7, 0),
(239, 6, 1, 'Ocena z przedmiotu Religia', 7, 1, '2023-06-11', 6, 7, 1),
(240, 6, 2, 'Ocena z przedmiotu Religia', 7, 2, '2023-06-11', 6, 7, 2),
(241, 6, 3, 'Ocena z przedmiotu Język niemiecki', 8, 0, '2023-06-11', 6, 8, 0),
(242, 6, 3, 'Ocena z przedmiotu Język niemiecki', 8, 1, '2023-06-11', 6, 8, 1),
(243, 6, 2, 'Ocena z przedmiotu Język niemiecki', 8, 2, '2023-06-11', 6, 8, 2),
(244, 6, 3, 'Ocena z przedmiotu Biologia', 9, 0, '2023-06-11', 6, 9, 0),
(245, 6, 3, 'Ocena z przedmiotu Biologia', 9, 1, '2023-06-11', 6, 9, 1),
(246, 6, 2, 'Ocena z przedmiotu Biologia', 9, 2, '2023-06-11', 6, 9, 2),
(247, 6, 2, 'Ocena z przedmiotu Chemia', 10, 0, '2023-06-11', 6, 10, 0),
(248, 6, 2, 'Ocena z przedmiotu Chemia', 10, 1, '2023-06-11', 6, 10, 1),
(249, 6, 5, 'Ocena z przedmiotu Chemia', 10, 2, '2023-06-11', 6, 10, 2),
(250, 6, 3, 'Ocena z przedmiotu Fizyka', 11, 0, '2023-06-11', 6, 11, 0),
(251, 6, 3, 'Ocena z przedmiotu Fizyka', 11, 1, '2023-06-11', 6, 11, 1),
(252, 6, 5, 'Ocena z przedmiotu Fizyka', 11, 2, '2023-06-11', 6, 11, 2),
(253, 7, 1, 'Ocena z przedmiotu Matematyka', 0, 0, '2023-06-11', 7, 0, 0),
(254, 7, 4, 'Ocena z przedmiotu Matematyka', 0, 1, '2023-06-11', 7, 0, 1),
(255, 7, 3, 'Ocena z przedmiotu Matematyka', 0, 2, '2023-06-11', 7, 0, 2),
(256, 7, 3, 'Ocena z przedmiotu Język polski', 1, 0, '2023-06-11', 7, 1, 0),
(257, 7, 3, 'Ocena z przedmiotu Język polski', 1, 1, '2023-06-11', 7, 1, 1),
(258, 7, 5, 'Ocena z przedmiotu Język polski', 1, 2, '2023-06-11', 7, 1, 2),
(259, 7, 2, 'Ocena z przedmiotu Język angielski', 2, 0, '2023-06-11', 7, 2, 0),
(260, 7, 5, 'Ocena z przedmiotu Język angielski', 2, 1, '2023-06-11', 7, 2, 1),
(261, 7, 4, 'Ocena z przedmiotu Język angielski', 2, 2, '2023-06-11', 7, 2, 2),
(262, 7, 5, 'Ocena z przedmiotu Informatyka', 3, 0, '2023-06-11', 7, 3, 0),
(263, 7, 5, 'Ocena z przedmiotu Informatyka', 3, 1, '2023-06-11', 7, 3, 1),
(264, 7, 1, 'Ocena z przedmiotu Informatyka', 3, 2, '2023-06-11', 7, 3, 2),
(265, 7, 2, 'Ocena z przedmiotu Historia', 4, 0, '2023-06-11', 7, 4, 0),
(266, 7, 4, 'Ocena z przedmiotu Historia', 4, 1, '2023-06-11', 7, 4, 1),
(267, 7, 3, 'Ocena z przedmiotu Historia', 4, 2, '2023-06-11', 7, 4, 2),
(268, 7, 2, 'Ocena z przedmiotu Geografia', 5, 0, '2023-06-11', 7, 5, 0),
(269, 7, 5, 'Ocena z przedmiotu Geografia', 5, 1, '2023-06-11', 7, 5, 1),
(270, 7, 4, 'Ocena z przedmiotu Geografia', 5, 2, '2023-06-11', 7, 5, 2),
(271, 7, 3, 'Ocena z przedmiotu Wychowanie fizyczne', 6, 0, '2023-06-11', 7, 6, 0),
(272, 7, 2, 'Ocena z przedmiotu Wychowanie fizyczne', 6, 1, '2023-06-11', 7, 6, 1),
(273, 7, 5, 'Ocena z przedmiotu Wychowanie fizyczne', 6, 2, '2023-06-11', 7, 6, 2),
(274, 7, 5, 'Ocena z przedmiotu Religia', 7, 0, '2023-06-11', 7, 7, 0),
(275, 7, 3, 'Ocena z przedmiotu Religia', 7, 1, '2023-06-11', 7, 7, 1),
(276, 7, 5, 'Ocena z przedmiotu Religia', 7, 2, '2023-06-11', 7, 7, 2),
(277, 7, 5, 'Ocena z przedmiotu Język niemiecki', 8, 0, '2023-06-11', 7, 8, 0),
(278, 7, 3, 'Ocena z przedmiotu Język niemiecki', 8, 1, '2023-06-11', 7, 8, 1),
(279, 7, 2, 'Ocena z przedmiotu Język niemiecki', 8, 2, '2023-06-11', 7, 8, 2),
(280, 7, 3, 'Ocena z przedmiotu Biologia', 9, 0, '2023-06-11', 7, 9, 0),
(281, 7, 2, 'Ocena z przedmiotu Biologia', 9, 1, '2023-06-11', 7, 9, 1),
(282, 7, 2, 'Ocena z przedmiotu Biologia', 9, 2, '2023-06-11', 7, 9, 2),
(283, 7, 5, 'Ocena z przedmiotu Chemia', 10, 0, '2023-06-11', 7, 10, 0),
(284, 7, 4, 'Ocena z przedmiotu Chemia', 10, 1, '2023-06-11', 7, 10, 1),
(285, 7, 2, 'Ocena z przedmiotu Chemia', 10, 2, '2023-06-11', 7, 10, 2),
(286, 7, 3, 'Ocena z przedmiotu Fizyka', 11, 0, '2023-06-11', 7, 11, 0),
(287, 7, 5, 'Ocena z przedmiotu Fizyka', 11, 1, '2023-06-11', 7, 11, 1),
(288, 7, 1, 'Ocena z przedmiotu Fizyka', 11, 2, '2023-06-11', 7, 11, 2),
(289, 8, 1, 'Ocena z przedmiotu Matematyka', 0, 0, '2023-06-11', 8, 0, 0),
(290, 8, 5, 'Ocena z przedmiotu Matematyka', 0, 1, '2023-06-11', 8, 0, 1),
(291, 8, 5, 'Ocena z przedmiotu Matematyka', 0, 2, '2023-06-11', 8, 0, 2),
(292, 8, 1, 'Ocena z przedmiotu Język polski', 1, 0, '2023-06-11', 8, 1, 0),
(293, 8, 5, 'Ocena z przedmiotu Język polski', 1, 1, '2023-06-11', 8, 1, 1),
(294, 8, 1, 'Ocena z przedmiotu Język polski', 1, 2, '2023-06-11', 8, 1, 2),
(295, 8, 1, 'Ocena z przedmiotu Język angielski', 2, 0, '2023-06-11', 8, 2, 0),
(296, 8, 4, 'Ocena z przedmiotu Język angielski', 2, 1, '2023-06-11', 8, 2, 1),
(297, 8, 4, 'Ocena z przedmiotu Język angielski', 2, 2, '2023-06-11', 8, 2, 2),
(298, 8, 1, 'Ocena z przedmiotu Informatyka', 3, 0, '2023-06-11', 8, 3, 0),
(299, 8, 5, 'Ocena z przedmiotu Informatyka', 3, 1, '2023-06-11', 8, 3, 1),
(300, 8, 4, 'Ocena z przedmiotu Informatyka', 3, 2, '2023-06-11', 8, 3, 2),
(301, 8, 2, 'Ocena z przedmiotu Historia', 4, 0, '2023-06-11', 8, 4, 0),
(302, 8, 2, 'Ocena z przedmiotu Historia', 4, 1, '2023-06-11', 8, 4, 1),
(303, 8, 1, 'Ocena z przedmiotu Historia', 4, 2, '2023-06-11', 8, 4, 2),
(304, 8, 4, 'Ocena z przedmiotu Geografia', 5, 0, '2023-06-11', 8, 5, 0),
(305, 8, 5, 'Ocena z przedmiotu Geografia', 5, 1, '2023-06-11', 8, 5, 1),
(306, 8, 1, 'Ocena z przedmiotu Geografia', 5, 2, '2023-06-11', 8, 5, 2),
(307, 8, 4, 'Ocena z przedmiotu Wychowanie fizyczne', 6, 0, '2023-06-11', 8, 6, 0),
(308, 8, 1, 'Ocena z przedmiotu Wychowanie fizyczne', 6, 1, '2023-06-11', 8, 6, 1),
(309, 8, 4, 'Ocena z przedmiotu Wychowanie fizyczne', 6, 2, '2023-06-11', 8, 6, 2),
(310, 8, 1, 'Ocena z przedmiotu Religia', 7, 0, '2023-06-11', 8, 7, 0),
(311, 8, 3, 'Ocena z przedmiotu Religia', 7, 1, '2023-06-11', 8, 7, 1),
(312, 8, 2, 'Ocena z przedmiotu Religia', 7, 2, '2023-06-11', 8, 7, 2),
(313, 8, 2, 'Ocena z przedmiotu Język niemiecki', 8, 0, '2023-06-11', 8, 8, 0),
(314, 8, 1, 'Ocena z przedmiotu Język niemiecki', 8, 1, '2023-06-11', 8, 8, 1),
(315, 8, 5, 'Ocena z przedmiotu Język niemiecki', 8, 2, '2023-06-11', 8, 8, 2),
(316, 8, 1, 'Ocena z przedmiotu Biologia', 9, 0, '2023-06-11', 8, 9, 0),
(317, 8, 5, 'Ocena z przedmiotu Biologia', 9, 1, '2023-06-11', 8, 9, 1),
(318, 8, 1, 'Ocena z przedmiotu Biologia', 9, 2, '2023-06-11', 8, 9, 2),
(319, 8, 2, 'Ocena z przedmiotu Chemia', 10, 0, '2023-06-11', 8, 10, 0),
(320, 8, 4, 'Ocena z przedmiotu Chemia', 10, 1, '2023-06-11', 8, 10, 1),
(321, 8, 1, 'Ocena z przedmiotu Chemia', 10, 2, '2023-06-11', 8, 10, 2),
(322, 8, 4, 'Ocena z przedmiotu Fizyka', 11, 0, '2023-06-11', 8, 11, 0),
(323, 8, 5, 'Ocena z przedmiotu Fizyka', 11, 1, '2023-06-11', 8, 11, 1),
(324, 8, 3, 'Ocena z przedmiotu Fizyka', 11, 2, '2023-06-11', 8, 11, 2),
(325, 9, 4, 'Ocena z przedmiotu Matematyka', 0, 0, '2023-06-11', 9, 0, 0),
(326, 9, 1, 'Ocena z przedmiotu Matematyka', 0, 1, '2023-06-11', 9, 0, 1),
(327, 9, 3, 'Ocena z przedmiotu Matematyka', 0, 2, '2023-06-11', 9, 0, 2),
(328, 9, 4, 'Ocena z przedmiotu Język polski', 1, 0, '2023-06-11', 9, 1, 0),
(329, 9, 5, 'Ocena z przedmiotu Język polski', 1, 1, '2023-06-11', 9, 1, 1),
(330, 9, 2, 'Ocena z przedmiotu Język polski', 1, 2, '2023-06-11', 9, 1, 2),
(331, 9, 4, 'Ocena z przedmiotu Język angielski', 2, 0, '2023-06-11', 9, 2, 0),
(332, 9, 3, 'Ocena z przedmiotu Język angielski', 2, 1, '2023-06-11', 9, 2, 1),
(333, 9, 4, 'Ocena z przedmiotu Język angielski', 2, 2, '2023-06-11', 9, 2, 2),
(334, 9, 2, 'Ocena z przedmiotu Informatyka', 3, 0, '2023-06-11', 9, 3, 0),
(335, 9, 4, 'Ocena z przedmiotu Informatyka', 3, 1, '2023-06-11', 9, 3, 1),
(336, 9, 1, 'Ocena z przedmiotu Informatyka', 3, 2, '2023-06-11', 9, 3, 2),
(337, 9, 4, 'Ocena z przedmiotu Historia', 4, 0, '2023-06-11', 9, 4, 0),
(338, 9, 3, 'Ocena z przedmiotu Historia', 4, 1, '2023-06-11', 9, 4, 1),
(339, 9, 1, 'Ocena z przedmiotu Historia', 4, 2, '2023-06-11', 9, 4, 2),
(340, 9, 1, 'Ocena z przedmiotu Geografia', 5, 0, '2023-06-11', 9, 5, 0),
(341, 9, 4, 'Ocena z przedmiotu Geografia', 5, 1, '2023-06-11', 9, 5, 1),
(342, 9, 3, 'Ocena z przedmiotu Geografia', 5, 2, '2023-06-11', 9, 5, 2),
(343, 9, 1, 'Ocena z przedmiotu Wychowanie fizyczne', 6, 0, '2023-06-11', 9, 6, 0),
(344, 9, 4, 'Ocena z przedmiotu Wychowanie fizyczne', 6, 1, '2023-06-11', 9, 6, 1),
(345, 9, 4, 'Ocena z przedmiotu Wychowanie fizyczne', 6, 2, '2023-06-11', 9, 6, 2),
(346, 9, 3, 'Ocena z przedmiotu Religia', 7, 0, '2023-06-11', 9, 7, 0),
(347, 9, 3, 'Ocena z przedmiotu Religia', 7, 1, '2023-06-11', 9, 7, 1),
(348, 9, 1, 'Ocena z przedmiotu Religia', 7, 2, '2023-06-11', 9, 7, 2),
(349, 9, 2, 'Ocena z przedmiotu Język niemiecki', 8, 0, '2023-06-11', 9, 8, 0),
(350, 9, 2, 'Ocena z przedmiotu Język niemiecki', 8, 1, '2023-06-11', 9, 8, 1),
(351, 9, 3, 'Ocena z przedmiotu Język niemiecki', 8, 2, '2023-06-11', 9, 8, 2),
(352, 9, 5, 'Ocena z przedmiotu Biologia', 9, 0, '2023-06-11', 9, 9, 0),
(353, 9, 1, 'Ocena z przedmiotu Biologia', 9, 1, '2023-06-11', 9, 9, 1),
(354, 9, 5, 'Ocena z przedmiotu Biologia', 9, 2, '2023-06-11', 9, 9, 2),
(355, 9, 5, 'Ocena z przedmiotu Chemia', 10, 0, '2023-06-11', 9, 10, 0),
(356, 9, 5, 'Ocena z przedmiotu Chemia', 10, 1, '2023-06-11', 9, 10, 1),
(357, 9, 2, 'Ocena z przedmiotu Chemia', 10, 2, '2023-06-11', 9, 10, 2),
(358, 9, 5, 'Ocena z przedmiotu Fizyka', 11, 0, '2023-06-11', 9, 11, 0),
(359, 9, 5, 'Ocena z przedmiotu Fizyka', 11, 1, '2023-06-11', 9, 11, 1),
(360, 9, 5, 'Ocena z przedmiotu Fizyka', 11, 2, '2023-06-11', 9, 11, 2),
(361, 10, 3, 'Ocena z przedmiotu Matematyka', 0, 0, '2023-06-11', 10, 0, 0),
(362, 10, 5, 'Ocena z przedmiotu Matematyka', 0, 1, '2023-06-11', 10, 0, 1),
(363, 10, 3, 'Ocena z przedmiotu Matematyka', 0, 2, '2023-06-11', 10, 0, 2),
(364, 10, 1, 'Ocena z przedmiotu Język polski', 1, 0, '2023-06-11', 10, 1, 0),
(365, 10, 2, 'Ocena z przedmiotu Język polski', 1, 1, '2023-06-11', 10, 1, 1),
(366, 10, 4, 'Ocena z przedmiotu Język polski', 1, 2, '2023-06-11', 10, 1, 2),
(367, 10, 1, 'Ocena z przedmiotu Język angielski', 2, 0, '2023-06-11', 10, 2, 0),
(368, 10, 2, 'Ocena z przedmiotu Język angielski', 2, 1, '2023-06-11', 10, 2, 1),
(369, 10, 5, 'Ocena z przedmiotu Język angielski', 2, 2, '2023-06-11', 10, 2, 2),
(370, 10, 5, 'Ocena z przedmiotu Informatyka', 3, 0, '2023-06-11', 10, 3, 0),
(371, 10, 1, 'Ocena z przedmiotu Informatyka', 3, 1, '2023-06-11', 10, 3, 1),
(372, 10, 1, 'Ocena z przedmiotu Informatyka', 3, 2, '2023-06-11', 10, 3, 2),
(373, 10, 2, 'Ocena z przedmiotu Historia', 4, 0, '2023-06-11', 10, 4, 0),
(374, 10, 3, 'Ocena z przedmiotu Historia', 4, 1, '2023-06-11', 10, 4, 1),
(375, 10, 1, 'Ocena z przedmiotu Historia', 4, 2, '2023-06-11', 10, 4, 2),
(376, 10, 3, 'Ocena z przedmiotu Geografia', 5, 0, '2023-06-11', 10, 5, 0),
(377, 10, 5, 'Ocena z przedmiotu Geografia', 5, 1, '2023-06-11', 10, 5, 1),
(378, 10, 4, 'Ocena z przedmiotu Geografia', 5, 2, '2023-06-11', 10, 5, 2),
(379, 10, 1, 'Ocena z przedmiotu Wychowanie fizyczne', 6, 0, '2023-06-11', 10, 6, 0),
(380, 10, 4, 'Ocena z przedmiotu Wychowanie fizyczne', 6, 1, '2023-06-11', 10, 6, 1),
(381, 10, 5, 'Ocena z przedmiotu Wychowanie fizyczne', 6, 2, '2023-06-11', 10, 6, 2),
(382, 10, 5, 'Ocena z przedmiotu Religia', 7, 0, '2023-06-11', 10, 7, 0),
(383, 10, 2, 'Ocena z przedmiotu Religia', 7, 1, '2023-06-11', 10, 7, 1),
(384, 10, 3, 'Ocena z przedmiotu Religia', 7, 2, '2023-06-11', 10, 7, 2),
(385, 10, 1, 'Ocena z przedmiotu Język niemiecki', 8, 0, '2023-06-11', 10, 8, 0),
(386, 10, 2, 'Ocena z przedmiotu Język niemiecki', 8, 1, '2023-06-11', 10, 8, 1),
(387, 10, 3, 'Ocena z przedmiotu Język niemiecki', 8, 2, '2023-06-11', 10, 8, 2),
(388, 10, 3, 'Ocena z przedmiotu Biologia', 9, 0, '2023-06-11', 10, 9, 0),
(389, 10, 3, 'Ocena z przedmiotu Biologia', 9, 1, '2023-06-11', 10, 9, 1),
(390, 10, 4, 'Ocena z przedmiotu Biologia', 9, 2, '2023-06-11', 10, 9, 2),
(391, 10, 5, 'Ocena z przedmiotu Chemia', 10, 0, '2023-06-11', 10, 10, 0),
(392, 10, 2, 'Ocena z przedmiotu Chemia', 10, 1, '2023-06-11', 10, 10, 1),
(393, 10, 5, 'Ocena z przedmiotu Chemia', 10, 2, '2023-06-11', 10, 10, 2),
(394, 10, 1, 'Ocena z przedmiotu Fizyka', 11, 0, '2023-06-11', 10, 11, 0),
(395, 10, 5, 'Ocena z przedmiotu Fizyka', 11, 1, '2023-06-11', 10, 11, 1),
(396, 10, 3, 'Ocena z przedmiotu Fizyka', 11, 2, '2023-06-11', 10, 11, 2);

-- --------------------------------------------------------

--
-- Struktura tabeli dla tabeli `przedmiot`
--

DROP TABLE IF EXISTS `przedmiot`;
CREATE TABLE IF NOT EXISTS `przedmiot` (
  `id_przedmiotu` int NOT NULL,
  `nazwa` varchar(40) COLLATE utf8mb4_general_ci NOT NULL,
  `wyswietlany` tinyint(1) NOT NULL DEFAULT '0',
  PRIMARY KEY (`id_przedmiotu`)
) ENGINE=MyISAM DEFAULT CHARSET=utf8mb4 COLLATE=utf8mb4_general_ci;

--
-- Zrzut danych tabeli `przedmiot`
--

INSERT INTO `przedmiot` (`id_przedmiotu`, `nazwa`, `wyswietlany`) VALUES
(0, 'Matematyka', 1),
(1, 'Język polski', 0),
(2, 'Język angielski', 0),
(3, 'Informatyka', 0),
(4, 'Historia', 0),
(5, 'Geografia', 0),
(6, 'Wychowanie fizyczne', 0),
(7, 'Religia', 0),
(8, 'Język niemiecki', 0),
(9, 'Biologia', 0),
(10, 'Chemia', 0),
(11, 'Fizyka', 0);

-- --------------------------------------------------------

--
-- Struktura tabeli dla tabeli `uczen`
--

DROP TABLE IF EXISTS `uczen`;
CREATE TABLE IF NOT EXISTS `uczen` (
  `id_ucznia` int NOT NULL,
  `imie` varchar(20) COLLATE utf8mb4_general_ci NOT NULL,
  `nazwisko` varchar(40) COLLATE utf8mb4_general_ci NOT NULL,
  `pesel` varchar(11) COLLATE utf8mb4_general_ci NOT NULL,
  `nazwa_uzytkownika` varchar(20) CHARACTER SET utf8mb4 COLLATE utf8mb4_general_ci NOT NULL,
  `haslo` varchar(40) COLLATE utf8mb4_general_ci NOT NULL,
  `zalogowany` tinyint(1) NOT NULL DEFAULT '0',
  PRIMARY KEY (`id_ucznia`)
) ENGINE=MyISAM DEFAULT CHARSET=utf8mb4 COLLATE=utf8mb4_general_ci;

--
-- Zrzut danych tabeli `uczen`
--

INSERT INTO `uczen` (`id_ucznia`, `imie`, `nazwisko`, `pesel`, `nazwa_uzytkownika`, `haslo`, `zalogowany`) VALUES
(0, 'Waldemar', 'Mazur', '37031617055', 'wmazur', 'wmazur', 0),
(1, 'Melania', 'Pająk', '98052063643', 'mpajak', 'mpajak', 0),
(2, 'Albin', 'Chojnacki', '81050437374', 'achojniacki', 'achojniacki', 0),
(3, 'Zygfryd', 'Kot', '69052331070', 'zkot', 'zkot', 0),
(4, 'Paula', 'Krajewska', '45081856340', 'pkrajewska', 'pkrajewska', 1),
(5, 'Remigiusz', 'Żak', '52021164214', 'rzak', 'rzak', 0),
(6, 'Oliver', 'Czajka', '11291152974', 'oczajka', 'oczajka', 0),
(7, 'Aleks', 'Kowalik', '05241732257', 'akowalik', 'akowalik', 0),
(8, 'Eliza', 'Orzechowska', '12280991169', 'eorzechowska', 'eorzechowska', 0),
(9, 'Martyna', 'Malinowska', '01282216668', 'mmalinowska', 'mmalinowska', 0),
(10, 'Maja', 'Zalewska', '94012656643', 'mzalewska', 'mzalewska', 0);
COMMIT;

/*!40101 SET CHARACTER_SET_CLIENT=@OLD_CHARACTER_SET_CLIENT */;
/*!40101 SET CHARACTER_SET_RESULTS=@OLD_CHARACTER_SET_RESULTS */;
/*!40101 SET COLLATION_CONNECTION=@OLD_COLLATION_CONNECTION */;
